problem_id,title,description,topic,difficulty,type,answer,solution
1,빅데이터의 특징,"빅데이터의 주요 특징 중 하나로, 데이터의 양이 방대한 것을 의미하는 것은 무엇인가?\n① Variety\n② Volume\n③ Velocity\n④ Veracity",빅데이터,쉬움,객관식(4지선다),2,"빅데이터의 4V는 Volume(양), Velocity(속도), Variety(다양성), Veracity(정확성)입니다. 이 중 Volume은 데이터의 양이 방대함을 의미합니다. 따라서 정답은 ②입니다."
2,빅데이터 분석 기법,"빅데이터 분석에서 사용되는 군집화 알고리즘으로, 비슷한 데이터 포인트를 그룹으로 묶는 방법은 무엇인가?\n① 회귀 분석 (Regression Analysis)\n② 군집 분석 (Clustering)\n③ 분류 (Classification)\n④ 시계열 분석 (Time Series Analysis)",빅데이터,보통,객관식(4지선다),2,군집 분석은 비슷한 특성을 가진 데이터를 그룹으로 묶는 방법입니다. 대표적인 군집화 알고리즘으로는 K-means와 계층적 군집화가 있습니다. 따라서 정답은 ②입니다.
3,하둡의 구성 요소,하둡(Hadoop) 생태계에서 분산 저장을 담당하는 핵심 컴포넌트는 무엇인가?\n① HDFS\n② MapReduce\n③ YARN\n④ Hive,빅데이터,보통,객관식(4지선다),1,"HDFS(Hadoop Distributed File System)는 하둡의 분산 저장을 담당하는 파일 시스템입니다. MapReduce는 분산 처리 모델, YARN은 자원 관리, Hive는 데이터 웨어하우스 기능을 제공합니다. 따라서 정답은 ①입니다."
4,빅데이터 처리 엔진,아파치 스파크(Apache Spark)의 주요 특징이 아닌 것은 무엇인가?\n① 인메모리(In-memory) 처리\n② 실시간 스트리밍 처리\n③ 느린 데이터 처리 속도\n④ 배치 처리 지원,빅데이터,어려움,객관식(4지선다),3,"아파치 스파크는 인메모리 처리를 통해 빠른 데이터 처리가 가능하며, 실시간 스트리밍 처리와 배치 처리도 지원합니다. 따라서 ""느린 데이터 처리 속도""는 스파크의 특징이 아니며, 정답은 ③입니다."
5,빅데이터의 활용 분야,다음 중 빅데이터 분석의 활용 사례로 적절하지 않은 것은 무엇인가?\n① 고객 행동 분석\n② 의료 진단 및 예측\n③ 데이터의 물리적 저장\n④ 스마트 시티 구현,빅데이터,쉬움,객관식(4지선다),3,"빅데이터 분석은 다양한 분야에서 활용됩니다. 고객 행동 분석, 의료 진단 및 예측, 스마트 시티 구현은 모두 빅데이터의 활용 사례입니다. 그러나 데이터의 물리적 저장은 빅데이터 분석이 아니라 데이터 관리의 영역에 속합니다. 따라서 정답은 ③입니다."
6,빅데이터 처리 프레임워크,아파치 하둡(Apache Hadoop)의 주요 기능이 아닌 것은 무엇인가?\n① 대용량 데이터 저장\n② 데이터 시각화\n③ 분산 데이터 처리\n④ 장애 복구 기능,빅데이터,보통,객관식(4지선다),2,"아파치 하둡은 대용량 데이터를 저장하고 분산 처리하며, 장애 복구 기능을 제공합니다. 데이터 시각화는 하둡의 기능이 아니며, 정답은 ②입니다."
7,빅데이터 분석 과정,빅데이터 분석 과정 중 데이터 정제(Data Cleansing)의 주요 목적은 무엇인가?\n① 데이터 수집 속도 향상\n② 데이터의 정확성과 일관성 향상\n③ 데이터 저장 공간 절약\n④ 데이터 분석 알고리즘 개발,빅데이터,쉬움,객관식(4지선다),2,데이터 정제는 데이터의 정확성과 일관성을 향상시키기 위한 과정입니다. 이를 통해 분석 결과의 신뢰성을 높일 수 있습니다. 따라서 정답은 ②입니다.
8,빅데이터 기술,빅데이터에서 실시간 데이터 처리를 위해 주로 사용되는 기술은 무엇인가?\n① Apache Pig\n② Apache Hive\n③ Apache Flink\n④ Apache Sqoop,빅데이터,어려움,객관식(4지선다),3,"Apache Flink는 실시간 데이터 처리를 위한 분산 스트리밍 데이터 처리 엔진입니다. Apache Pig와 Hive는 배치 처리용이며, Sqoop은 데이터 전송에 사용됩니다. 따라서 정답은 ③입니다."
9,빅데이터 데이터베이스,다음 중 빅데이터에 적합한 NoSQL 데이터베이스는 무엇인가?\n① MySQL\n② PostgreSQL\n③ MongoDB\n④ OracleDB,빅데이터,보통,객관식(4지선다),3,"MongoDB는 NoSQL 데이터베이스로, 비정형 데이터를 효율적으로 처리할 수 있어 빅데이터에 적합합니다. MySQL, PostgreSQL, OracleDB는 관계형 데이터베이스입니다. 따라서 정답은 ③입니다."
10,빅데이터와 머신러닝,빅데이터 분석에서 머신러닝(Machine Learning)이 중요한 이유는 무엇인가?\n① 데이터 저장 비용 절감\n② 자동화된 데이터 패턴 인식\n③ 데이터 암호화 향상\n④ 데이터 수집 속도 증가,빅데이터,쉬움,객관식(4지선다),2,머신러닝은 자동으로 데이터를 분석하고 패턴을 인식하여 예측 모델을 만듭니다. 이는 빅데이터 분석에서 매우 중요한 기능입니다. 따라서 정답은 ②입니다.
11,빅데이터 처리 도구,"데이터 변환과 분석을 위해 사용하는 빅데이터 도구로, SQL과 유사한 언어를 제공하는 것은 무엇인가?\n① Apache Storm\n② Apache Kafka\n③ Apache Hive\n④ Apache Zookeeper",빅데이터,보통,객관식(4지선다),3,"Apache Hive는 SQL과 유사한 HiveQL을 제공하여 빅데이터를 쿼리하고 분석하는 데 사용됩니다. Storm과 Kafka는 스트리밍 처리, Zookeeper는 분산 시스템 조정에 사용됩니다. 따라서 정답은 ③입니다."
12,빅데이터의 가치,빅데이터 분석의 가장 큰 가치는 무엇인가?\n① 데이터 저장 용량 증가\n② 과거 데이터 분석\n③ 데이터 기반 의사 결정\n④ 소규모 데이터 세트 분석,빅데이터,쉬움,객관식(4지선다),3,빅데이터 분석의 가장 큰 가치는 데이터 기반 의사 결정을 통해 더 나은 비즈니스 전략을 수립하는 것입니다. 따라서 정답은 ③입니다.
13,데이터 시각화 도구,"빅데이터 분석 결과를 시각화하는 도구로, 대화형 차트를 생성하는데 널리 사용되는 것은 무엇인가?\n① Apache Cassandra\n② Tableau\n③ Apache HBase\n④ Apache Drill",빅데이터,보통,객관식(4지선다),2,"Tableau는 대화형 차트와 시각화를 지원하는 도구로, 빅데이터 분석 결과를 효과적으로 시각화하는 데 사용됩니다. 따라서 정답은 ②입니다."
14,빅데이터와 프라이버시,빅데이터 처리 시 개인정보 보호를 위해 주의해야 할 사항은 무엇인가?\n① 데이터 처리 속도\n② 데이터의 정확성\n③ 데이터 익명화\n④ 데이터 저장소 용량,빅데이터,어려움,객관식(4지선다),3,빅데이터 처리 시 개인정보 보호를 위해 데이터 익명화가 중요합니다. 이는 개인 식별 정보를 제거하여 프라이버시를 보호하는 방법입니다. 따라서 정답은 ③입니다.
15,빅데이터의 활용,다음 중 빅데이터 분석을 통해 얻을 수 있는 이점이 아닌 것은 무엇인가?\n① 고객 세분화\n② 시장 예측\n③ 제품 디자인 개선\n④ 데이터 손실 방지,빅데이터,보통,객관식(4지선다),4,"빅데이터 분석은 고객 세분화, 시장 예측, 제품 디자인 개선과 같은 이점을 제공합니다. 그러나 데이터 손실 방지는 빅데이터 분석의 이점이 아닙니다. 따라서 정답은 ④입니다."
16,빅데이터 생태계,"아파치 하둡 생태계에서 데이터 저장, 처리 및 분석을 지원하는 구성 요소는 무엇인가?\n① Apache Mahout\n② Apache Spark\n③ Apache Tez\n④ All of the above",빅데이터,어려움,객관식(4지선다),4,"Apache Mahout는 기계 학습, Apache Spark는 데이터 처리, Apache Tez는 실행 프레임워크를 제공합니다. 모두 하둡 생태계의 일부입니다. 따라서 정답은 ④입니다."
17,데이터 마이닝 기법,다음 중 데이터 마이닝 기법으로 사용되는 것은 무엇인가?\n① 데이터 압축\n② 회귀 분석\n③ 데이터 백업\n④ 데이터 복구,빅데이터,보통,객관식(4지선다),2,"회귀 분석은 데이터 마이닝 기법 중 하나로, 데이터 간의 관계를 모델링하여 예측 분석에 사용됩니다. 데이터 압축, 백업, 복구는 데이터 관리에 관련된 작업입니다. 따라서 정답은 ②입니다."
18,빅데이터에서의 스케일링,빅데이터 시스템에서 수평적 스케일링(Horizontal Scaling)이란 무엇을 의미하는가?\n① 서버의 메모리 증가\n② 서버의 CPU 성능 증가\n③ 더 많은 서버를 추가\n④ 저장 용량 증가,빅데이터,보통,객관식(4지선다),3,수평적 스케일링은 시스템의 성능을 향상시키기 위해 더 많은 서버를 추가하는 것을 의미합니다. 반면에 수직적 스케일링은 서버 자체의 성능을 향상시키는 것을 의미합니다. 따라서 정답은 ③입니다.
19,데이터 레이크의 특징,데이터 레이크(Data Lake)의 주요 특징이 아닌 것은 무엇인가?\n① 다양한 형식의 데이터 저장\n② 정형화된 데이터만 저장\n③ 원시 데이터 저장\n④ 대량의 데이터 저장,빅데이터,쉬움,객관식(4지선다),2,데이터 레이크는 다양한 형식의 원시 데이터를 대량으로 저장할 수 있는 저장소입니다. 정형화된 데이터만 저장하는 것이 아니라 비정형 데이터도 저장할 수 있습니다. 따라서 정답은 ②입니다.
20,빅데이터와 인공지능,다음 중 빅데이터와 인공지능(AI)의 관계를 가장 잘 설명하는 것은 무엇인가?\n① 빅데이터는 AI의 데이터 원천\n② AI는 빅데이터를 저장하는 기술\n③ AI는 빅데이터와 관련이 없다\n④ 빅데이터는 AI를 대체한다,빅데이터,쉬움,객관식(4지선다),1,빅데이터는 인공지능 모델을 훈련시키는 데 필요한 방대한 데이터를 제공합니다. AI는 이러한 데이터를 통해 학습하고 예측하는 데 사용됩니다. 따라서 정답은 ①입니다.
21,빅데이터 분석의 윤리적 문제,빅데이터 분석에서 가장 우려되는 윤리적 문제는 무엇인가?\n① 데이터 분석 속도\n② 데이터의 정확성\n③ 개인 정보 보호\n④ 데이터 저장 비용,빅데이터,어려움,객관식(4지선다),3,"빅데이터 분석에서는 개인 정보 보호가 주요한 윤리적 문제로 대두됩니다. 데이터 분석 속도, 정확성, 저장 비용은 윤리적 문제와는 직접적인 관련이 없습니다. 따라서 정답은 ③입니다."
22,빅데이터와 클라우드 컴퓨팅,클라우드 컴퓨팅이 빅데이터 분석에 주는 이점이 아닌 것은 무엇인가?\n① 무한한 저장 공간 제공\n② 실시간 데이터 분석 지원\n③ 데이터 전송 비용 절감\n④ 높은 하드웨어 의존성,빅데이터,보통,객관식(4지선다),4,"클라우드 컴퓨팅은 저장 공간과 실시간 분석을 지원하지만, 높은 하드웨어 의존성은 클라우드의 장점이 아닙니다. 오히려 클라우드는 하드웨어 의존성을 줄이는 데 도움이 됩니다. 따라서 정답은 ④입니다."
23,빅데이터 분석 모델,빅데이터 분석에서 지도 학습(Supervised Learning)의 예로 적절한 것은 무엇인가?\n① K-means 군집화\n② 주성분 분석(PCA)\n③ 의사결정 나무(Decision Tree)\n④ 연관 규칙 학습,빅데이터,보통,객관식(4지선다),3,"의사결정 나무는 지도 학습 알고리즘으로, 입력 데이터와 정답을 기반으로 학습하여 새로운 데이터를 예측합니다. K-means는 비지도 학습, 주성분 분석은 차원 축소 기법, 연관 규칙 학습은 패턴 탐색 기법입니다. 따라서 정답은 ③입니다."
24,빅데이터 처리의 효율성,빅데이터 처리에서 데이터 로컬리티(Data Locality)의 중요성은 무엇인가?\n① 데이터 전송 최소화\n② 데이터의 중복성 증가\n③ 데이터 보안 강화\n④ 데이터 분석 알고리즘 단순화,빅데이터,어려움,객관식(4지선다),1,데이터 로컬리티는 데이터를 처리하는 노드와 데이터가 저장된 노드 간의 물리적 거리를 최소화하여 데이터 전송을 줄이고 성능을 향상시키는 것을 의미합니다. 따라서 정답은 ①입니다.
25,데이터 시각화의 중요성,데이터 시각화가 중요한 이유는 무엇인가?\n① 데이터 입력 속도 증가\n② 데이터 이해의 용이성\n③ 데이터 저장 비용 절감\n④ 데이터 보안 강화,빅데이터,쉬움,객관식(4지선다),2,"데이터 시각화는 복잡한 데이터를 이해하기 쉽게 만들어, 정보의 전달과 분석 결과의 해석을 용이하게 합니다. 따라서 정답은 ②입니다."
26,빅데이터와 IoT,사물인터넷(IoT)과 빅데이터의 관계에서 중요한 점은 무엇인가?\n① IoT는 빅데이터를 저장하는 기술\n② IoT는 빅데이터의 출처\n③ IoT는 빅데이터와 관련이 없다\n④ 빅데이터는 IoT를 대체한다,빅데이터,보통,객관식(4지선다),2,사물인터넷(IoT)은 다양한 센서와 장치로부터 데이터를 수집하여 빅데이터 분석에 필요한 데이터를 제공합니다. 따라서 정답은 ②입니다.
27,빅데이터의 데이터 유형,빅데이터의 데이터 유형에 해당하지 않는 것은 무엇인가?\n① 정형 데이터(Structured Data)\n② 비정형 데이터(Unstructured Data)\n③ 반정형 데이터(Semi-Structured Data)\n④ 재구성 데이터(Reconstructed Data),빅데이터,쉬움,객관식(4지선다),4,"빅데이터는 정형 데이터, 비정형 데이터, 반정형 데이터로 구분됩니다. 재구성 데이터라는 용어는 일반적인 데이터 유형이 아닙니다. 따라서 정답은 ④입니다."
28,빅데이터 처리 방식,"배치 처리와 스트리밍 처리의 주요 차이점은 무엇인가?\n① 배치 처리는 실시간, 스트리밍 처리는 비실시간\n② 배치 처리는 비실시간, 스트리밍 처리는 실시간\n③ 배치 처리는 데이터 수집, 스트리밍 처리는 데이터 저장\n④ 배치 처리는 데이터 저장, 스트리밍 처리는 데이터 수집",빅데이터,보통,객관식(4지선다),2,"배치 처리는 대량의 데이터를 일정 시간 간격으로 처리하는 비실시간 방식이며, 스트리밍 처리는 데이터를 실시간으로 처리하는 방식입니다. 따라서 정답은 ②입니다."
29,빅데이터 플랫폼,다음 중 빅데이터 플랫폼으로 널리 사용되는 것은 무엇인가?\n① Apache MySQL\n② Apache Hadoop\n③ Apache SQL\n④ Apache HTML,빅데이터,쉬움,객관식(4지선다),2,"Apache Hadoop은 대규모 데이터 저장과 처리를 지원하는 빅데이터 플랫폼으로 널리 사용됩니다. MySQL과 SQL은 데이터베이스 관련, HTML은 웹 페이지 마크업 언어입니다. 따라서 정답은 ②입니다."
30,빅데이터와 클러스터링,다음 중 빅데이터 분석에서 군집화(Clustering)에 해당하는 것은 무엇인가?\n① K-means 알고리즘\n② 로지스틱 회귀\n③ 서포트 벡터 머신\n④ 의사결정 나무,빅데이터,보통,객관식(4지선다),1,"K-means 알고리즘은 데이터를 유사한 특성을 가진 그룹으로 나누는 군집화 기법입니다. 로지스틱 회귀, 서포트 벡터 머신, 의사결정 나무는 분류 기법에 해당합니다. 따라서 정답은 ①입니다."
31,빅데이터의 가치 창출,빅데이터 분석을 통해 기업이 얻을 수 있는 가장 큰 이점은 무엇인가?\n① 데이터 저장 비용 증가\n② 정확한 데이터 기반 의사 결정\n③ 데이터 전송 속도 저하\n④ 데이터 보안 취약성 증가,빅데이터,쉬움,객관식(4지선다),2,빅데이터 분석은 기업이 데이터를 기반으로 보다 정확하고 효율적인 의사 결정을 내릴 수 있도록 도와줍니다. 따라서 정답은 ②입니다.
32,빅데이터 처리 엔진,아파치 스파크(Apache Spark)의 주요 장점은 무엇인가?\n① 느린 처리 속도\n② 복잡한 사용법\n③ 인메모리 처리\n④ 높은 하드웨어 요구 사항,빅데이터,보통,객관식(4지선다),3,아파치 스파크는 데이터를 메모리에 저장하여 빠르게 처리하는 인메모리 처리 기능을 가지고 있습니다. 이는 다른 빅데이터 처리 엔진과의 주요 차별점입니다. 따라서 정답은 ③입니다.
33,빅데이터 분석의 예측 능력,빅데이터 분석의 가장 큰 장점 중 하나는 무엇인가?\n① 데이터 예측 능력\n② 데이터 삭제 능력\n③ 데이터 복사 능력\n④ 데이터 변조 능력,빅데이터,쉬움,객관식(4지선다),1,빅데이터 분석의 주요 장점은 데이터 패턴을 기반으로 미래의 트렌드와 행동을 예측하는 능력입니다. 따라서 정답은 ①입니다.
34,빅데이터와 데이터 웨어하우스,빅데이터와 데이터 웨어하우스의 주요 차이점은 무엇인가?\n① 데이터 웨어하우스는 비정형 데이터를 저장\n② 빅데이터는 실시간 분석이 불가능\n③ 데이터 웨어하우스는 구조화된 데이터를 저장\n④ 빅데이터는 소규모 데이터만 처리,빅데이터,보통,객관식(4지선다),3,"데이터 웨어하우스는 구조화된 데이터를 주로 저장하고 분석하는 반면, 빅데이터는 정형, 비정형 데이터를 모두 처리할 수 있습니다. 따라서 정답은 ③입니다."
35,빅데이터 분석 도구,다음 중 빅데이터 분석을 위한 도구가 아닌 것은 무엇인가?\n① Apache Pig\n② Apache Flume\n③ Microsoft Excel\n④ Apache Drill,빅데이터,보통,객관식(4지선다),3,"Apache Pig, Apache Flume, Apache Drill은 모두 빅데이터 분석을 위한 도구입니다. Microsoft Excel은 주로 소규모 데이터 분석에 사용됩니다. 따라서 정답은 ③입니다."
36,빅데이터와 머신러닝 알고리즘,빅데이터 분석에서 비지도 학습(Unsupervised Learning)에 속하는 알고리즘은 무엇인가?\n① K-최근접 이웃(K-NN)\n② 서포트 벡터 머신(SVM)\n③ K-means 군집화\n④ 결정 트리(Decision Tree),빅데이터,보통,객관식(4지선다),3,"K-means 군집화는 비지도 학습 알고리즘으로, 데이터의 구조를 탐색하여 유사한 데이터끼리 그룹화하는 데 사용됩니다. 따라서 정답은 ③입니다."
37,빅데이터의 기술적 과제,빅데이터 처리에서 흔히 겪는 기술적 과제가 아닌 것은 무엇인가?\n① 데이터 저장의 비효율성\n② 데이터 전송의 지연\n③ 데이터 분석의 복잡성\n④ 데이터 암호화의 용이성,빅데이터,어려움,객관식(4지선다),4,"데이터 암호화는 빅데이터 처리에서 중요한 보안 요소이지만, 일반적으로 암호화는 복잡하고 어렵습니다. 따라서 정답은 ④입니다."
38,빅데이터와 하둡 생태계,하둡(Hadoop) 생태계에서 데이터 수집 및 수송을 담당하는 도구는 무엇인가?\n① Apache Hive\n② Apache HBase\n③ Apache Sqoop\n④ Apache Storm,빅데이터,보통,객관식(4지선다),3,"Apache Sqoop은 관계형 데이터베이스에서 하둡으로 데이터를 수송하는 데 사용되는 도구입니다. Hive는 쿼리 및 분석, HBase는 저장, Storm은 실시간 처리에 사용됩니다. 따라서 정답은 ③입니다."
39,빅데이터 분석의 트렌드,빅데이터 분석에서 주로 사용되는 최신 트렌드 기술은 무엇인가?\n① 데이터 중앙 집중화\n② 엣지 컴퓨팅\n③ 데이터 레이블링\n④ 데이터 베이스 인덱싱,빅데이터,어려움,객관식(4지선다),2,엣지 컴퓨팅은 데이터를 생성된 장소에서 처리하여 지연을 줄이고 실시간 분석을 가능하게 하는 최신 기술입니다. 따라서 정답은 ②입니다.
40,빅데이터와 통계 분석,빅데이터 분석에 통계 기법이 중요한 이유는 무엇인가?\n① 데이터 전송 비용 절감\n② 데이터 수집 용이성 향상\n③ 데이터의 통계적 패턴 발견\n④ 데이터 저장 용량 증가,빅데이터,쉬움,객관식(4지선다),3,통계 기법은 데이터의 통계적 패턴을 발견하여 분석 결과를 해석하고 예측하는 데 중요한 역할을 합니다. 따라서 정답은 ③입니다.
41,빅데이터와 데이터 인프라,빅데이터 분석을 지원하는 인프라로 적절한 것은 무엇인가?\n① 고성능 컴퓨팅 환경\n② 저성능 모바일 기기\n③ 일반 데스크탑 환경\n④ 단일 서버 환경,빅데이터,보통,객관식(4지선다),1,빅데이터 분석은 대규모 데이터를 처리하기 위해 고성능 컴퓨팅 환경이 필요합니다. 따라서 정답은 ①입니다.
42,빅데이터와 데이터 통합,빅데이터 처리에서 데이터 통합(Data Integration)의 중요성은 무엇인가?\n① 데이터 수집 시간 단축\n② 다양한 데이터 소스의 결합\n③ 데이터 저장 용량 감소\n④ 데이터 전송 속도 증가,빅데이터,어려움,객관식(4지선다),2,데이터 통합은 다양한 출처에서 수집된 데이터를 결합하여 일관되고 유용한 정보를 제공하는 데 중요합니다. 따라서 정답은 ②입니다.
43,빅데이터와 개인 정보 보호,빅데이터 환경에서 개인 정보 보호를 위한 기술적 조치는 무엇인가?\n① 데이터 암호화\n② 데이터 분할\n③ 데이터 압축\n④ 데이터 중복,빅데이터,보통,객관식(4지선다),1,데이터 암호화는 민감한 정보를 보호하기 위해 사용되는 주요 기술적 조치입니다. 따라서 정답은 ①입니다.
44,빅데이터의 실시간 처리,빅데이터의 실시간 처리가 필요한 분야는 무엇인가?\n① 금융 거래 분석\n② 데이터 백업\n③ 데이터 아카이빙\n④ 전통적 데이터베이스 관리,빅데이터,쉬움,객관식(4지선다),1,"금융 거래 분석은 실시간 데이터 처리가 필수적인 분야로, 즉각적인 결정을 내리기 위해 실시간 분석이 필요합니다. 따라서 정답은 ①입니다."
45,빅데이터와 데이터 품질,빅데이터 분석에서 데이터 품질 관리의 중요성은 무엇인가?\n① 분석 결과의 신뢰성 향상\n② 데이터 전송 속도 증가\n③ 데이터 저장 공간 절감\n④ 데이터 수집 비용 감소,빅데이터,어려움,객관식(4지선다),1,데이터 품질 관리는 분석 결과의 정확성과 신뢰성을 높이는 데 중요합니다. 따라서 정답은 ①입니다.
46,빅데이터와 데이터 파이프라인,빅데이터 처리에서 데이터 파이프라인(Data Pipeline)의 역할은 무엇인가?\n① 데이터 전송 및 처리 자동화\n② 데이터 압축 및 백업\n③ 데이터 삭제 및 복구\n④ 데이터 암호화 및 보안,빅데이터,보통,객관식(4지선다),1,"데이터 파이프라인은 데이터의 전송, 처리 및 분석 과정을 자동화하여 효율성을 높입니다. 따라서 정답은 ①입니다."
47,빅데이터와 데이터 분석 방법,다음 중 빅데이터 분석 방법으로 사용되지 않는 것은 무엇인가?\n① 탐색적 데이터 분석(EDA)\n② 설명적 데이터 분석\n③ 기계 학습(Machine Learning)\n④ 물리적 데이터 복사,빅데이터,쉬움,객관식(4지선다),4,"탐색적 데이터 분석, 설명적 데이터 분석, 기계 학습은 모두 빅데이터 분석에 사용되는 방법입니다. 물리적 데이터 복사는 데이터 관리에 관련된 작업입니다. 따라서 정답은 ④입니다."
48,빅데이터와 AI의 통합,빅데이터와 인공지능(AI)의 통합을 통해 얻을 수 있는 가장 큰 이점은 무엇인가?\n① 데이터 저장 비용 감소\n② 자동화된 의사 결정\n③ 데이터 전송 속도 증가\n④ 데이터 저장 용량 증가,빅데이터,보통,객관식(4지선다),2,빅데이터와 AI의 통합은 데이터를 기반으로 자동화된 의사 결정을 가능하게 하여 효율성과 효과성을 높입니다. 따라서 정답은 ②입니다.
49,빅데이터의 운영 기술,빅데이터 운영에서 DevOps의 주요 이점은 무엇인가?\n① 데이터 분석의 복잡성 증가\n② 데이터 전송의 지연\n③ 개발 및 운영의 효율성 향상\n④ 데이터 저장 용량 감소,빅데이터,보통,객관식(4지선다),3,DevOps는 개발과 운영을 통합하여 프로세스의 효율성과 협업을 향상시키는 방법론입니다. 따라서 정답은 ③입니다.
50,빅데이터와 데이터 프레임워크,다음 중 빅데이터 분석에 널리 사용되는 프레임워크는 무엇인가?\n① Apache Kafka\n② Apache Zookeeper\n③ Apache Cassandra\n④ Apache Spark,빅데이터,쉬움,객관식(4지선다),4,"Apache Spark는 대규모 데이터 분석에 널리 사용되는 프레임워크로, 빠르고 유연한 처리 능력을 제공합니다. 따라서 정답은 ④입니다."
51,빅데이터와 데이터 보안,빅데이터 환경에서 데이터 보안의 중요한 측면은 무엇인가?\n① 데이터 압축 효율성\n② 데이터 가용성\n③ 데이터 무결성\n④ 데이터 전송 속도,빅데이터,어려움,객관식(4지선다),3,데이터 무결성은 데이터가 손상되지 않고 정확하게 유지되는 것을 보장하는 중요한 보안 측면입니다. 따라서 정답은 ③입니다.
52,빅데이터와 비즈니스 인텔리전스,빅데이터와 비즈니스 인텔리전스(BI)의 주요 차이점은 무엇인가?\n① BI는 실시간 데이터 분석을 제공\n② 빅데이터는 데이터 기반 의사 결정\n③ BI는 정형 데이터를 주로 사용\n④ 빅데이터는 데이터 시각화 도구 제공,빅데이터,보통,객관식(4지선다),3,비즈니스 인텔리전스는 주로 정형 데이터를 사용하여 보고서 및 대시보드를 생성합니다. 빅데이터는 다양한 데이터 소스와 유형을 다룹니다. 따라서 정답은 ③입니다.
53,빅데이터와 데이터 아키텍처,빅데이터 처리에서 Lambda 아키텍처의 주요 구성 요소가 아닌 것은 무엇인가?\n① 배치 레이어\n② 속도 레이어\n③ 서빙 레이어\n④ 인덱스 레이어,빅데이터,어려움,객관식(4지선다),4,"Lambda 아키텍처는 배치 레이어, 속도 레이어, 서빙 레이어로 구성되며, 인덱스 레이어는 일반적으로 포함되지 않습니다. 따라서 정답은 ④입니다."
54,빅데이터와 데이터 엔지니어링,빅데이터 엔지니어링에서 데이터 수집과 관련된 일반적인 도구는 무엇인가?\n① Apache Pig\n② Apache Flume\n③ Apache HBase\n④ Apache Drill,빅데이터,보통,객관식(4지선다),2,Apache Flume은 다양한 소스로부터 데이터를 수집하여 하둡과 같은 저장소로 전송하는 데 사용됩니다. 따라서 정답은 ②입니다.
55,빅데이터와 데이터 마이닝,빅데이터 분석에서 데이터 마이닝의 목적은 무엇인가?\n① 데이터 압축\n② 데이터 암호화\n③ 패턴과 관계 발견\n④ 데이터 전송,빅데이터,쉬움,객관식(4지선다),3,데이터 마이닝은 데이터 속에서 유의미한 패턴과 관계를 발견하여 인사이트를 도출하는 것을 목적으로 합니다. 따라서 정답은 ③입니다.
56,빅데이터의 머신러닝 모델,머신러닝 모델 중에서 빅데이터 분석에 적합한 모델은 무엇인가?\n① 선형 회귀\n② 랜덤 포레스트\n③ 다중 선형 회귀\n④ 단순 선형 회귀,빅데이터,어려움,객관식(4지선다),2,랜덤 포레스트는 많은 양의 데이터를 처리할 수 있는 능력과 높은 예측 정확성 때문에 빅데이터 분석에 적합합니다. 따라서 정답은 ②입니다.
57,빅데이터의 데이터 저장,다음 중 빅데이터의 데이터를 저장하는 데 사용되는 기술은 무엇인가?\n① 데이터 전송\n② 데이터 압축\n③ 데이터 레이크\n④ 데이터 보안,빅데이터,보통,객관식(4지선다),3,데이터 레이크는 다양한 형식의 원시 데이터를 대량으로 저장하는 데 사용됩니다. 따라서 정답은 ③입니다.
58,빅데이터와 데이터 분석 도구,"빅데이터 분석에서 사용되는 도구로, 대규모 데이터를 실시간으로 분석하는데 적합한 것은 무엇인가?\n① Apache Pig\n② Apache Hive\n③ Apache Storm\n④ Apache Oozie",빅데이터,어려움,객관식(4지선다),3,"Apache Storm은 실시간 데이터 스트리밍을 처리하는 데 사용되는 도구로, 대규모 데이터를 실시간으로 분석하는 데 적합합니다. 따라서 정답은 ③입니다."
59,빅데이터와 텍스트 마이닝,빅데이터 분석에서 텍스트 마이닝의 주요 목적은 무엇인가?\n① 텍스트 파일 압축\n② 텍스트의 유사성 계산\n③ 텍스트에서 의미 있는 정보 추출\n④ 텍스트 파일 전송,빅데이터,보통,객관식(4지선다),3,텍스트 마이닝은 대량의 텍스트 데이터에서 의미 있는 정보를 추출하여 분석하는 데 중점을 둡니다. 따라서 정답은 ③입니다.
60,빅데이터의 기술 스택,빅데이터 기술 스택에서 데이터 처리에 사용되는 대표적인 기술은 무엇인가?\n① Apache Flume\n② Apache Hadoop\n③ Apache Sqoop\n④ Apache Pig,빅데이터,쉬움,객관식(4지선다),2,Apache Hadoop은 대규모 데이터의 저장과 처리를 지원하는 대표적인 빅데이터 기술입니다. 따라서 정답은 ②입니다.
61,파이썬 기본 문법,파이썬에서 주석을 작성할 때 사용하는 기호는 무엇인가?\n① @\n② #\n③ //\n④ <!-->,파이썬,쉬움,객관식(4지선다),2,"파이썬에서 주석은 코드의 가독성을 높이기 위해 사용되며, '#' 기호를 사용하여 작성합니다. 따라서 정답은 ②입니다."
62,자료형 변환,다음 중 파이썬에서 문자열을 정수로 변환하는 함수는 무엇인가?\n① str()\n② int()\n③ float()\n④ list(),파이썬,쉬움,객관식(4지선다),2,"파이썬에서 문자열을 정수로 변환할 때는 int() 함수를 사용합니다. 예를 들어, int(""123"")은 123이라는 정수로 변환됩니다. 따라서 정답은 ②입니다."
63,리스트(List),다음 중 파이썬에서 리스트의 요소를 추가하는 메서드는 무엇인가?\n① append()\n② insert()\n③ extend()\n④ all of the above,파이썬,보통,객관식(4지선다),4,"파이썬의 리스트에서 요소를 추가할 때 append(), insert(), extend() 메서드를 모두 사용할 수 있습니다. append()는 요소를 리스트 끝에 추가하고, insert()는 특정 위치에 삽입하며, extend()는 여러 요소를 리스트에 추가합니다. 따라서 정답은 ④입니다."
64,딕셔너리(Dictionary),파이썬에서 딕셔너리의 키는 어떤 자료형으로 사용될 수 없는가?\n① 문자열\n② 리스트\n③ 튜플\n④ 정수,파이썬,보통,객관식(4지선다),2,"파이썬에서 딕셔너리의 키로는 변하지 않는 자료형(불변 자료형)만 사용할 수 있습니다. 문자열, 튜플, 정수는 모두 불변이지만, 리스트는 가변 자료형이므로 키로 사용할 수 없습니다. 따라서 정답은 ②입니다."
65,문자열(String),"다음 중 파이썬 문자열 메서드로, 문자열을 모두 대문자로 변환하는 것은 무엇인가?\n① lower()\n② upper()\n③ capitalize()\n④ title()",파이썬,쉬움,객관식(4지선다),2,"upper() 메서드는 파이썬 문자열을 모두 대문자로 변환합니다. lower()는 소문자로 변환, capitalize()는 첫 글자만 대문자로, title()은 각 단어의 첫 글자를 대문자로 변환합니다. 따라서 정답은 ②입니다."
66,반복문,다음 코드의 출력 결과는 무엇인가?\n```python\nfor i in range(3):\n    print(i)\n```\n① 0\n② 0 1 2\n③ 1 2 3\n④ 3 2 1,파이썬,쉬움,객관식(4지선다),2,"range(3)는 0부터 시작하여 2까지의 정수를 생성합니다. 따라서 반복문은 0, 1, 2를 순차적으로 출력하며, 정답은 ②입니다."
67,조건문,"다음 코드의 결과는 무엇인가?\n```python\nx = 10\ny = 20\nif x > y:\n    print(""x is greater"")\nelif x < y:\n    print(""y is greater"")\nelse:\n    print(""x and y are equal"")\n```\n① x is greater\n② y is greater\n③ x and y are equal\n④ None of the above",파이썬,보통,객관식(4지선다),2,"코드에서 x는 10, y는 20이므로, x < y 조건이 참이 되어 ""y is greater""가 출력됩니다. 따라서 정답은 ②입니다."
68,함수,파이썬 함수의 기본 구조에서 값을 반환하기 위한 키워드는 무엇인가?\n① return\n② yield\n③ pass\n④ continue,파이썬,쉬움,객관식(4지선다),1,"함수에서 값을 반환하기 위해 return 키워드를 사용합니다. yield는 제너레이터 함수에서 사용되며, pass와 continue는 흐름 제어에 사용됩니다. 따라서 정답은 ①입니다."
69,클래스,다음 중 파이썬 클래스에서 생성자를 정의하는 메서드는 무엇인가?\n① __create__\n② __build__\n③ __init__\n④ __construct__,파이썬,보통,객관식(4지선다),3,"파이썬 클래스의 생성자는 __init__ 메서드로 정의되며, 객체가 생성될 때 자동으로 호출됩니다. 따라서 정답은 ③입니다."
70,파일 입출력,"다음 중 파이썬에서 파일을 읽기 모드로 열기 위한 코드는 무엇인가?\n① open('file.txt', 'r')\n② open('file.txt', 'w')\n③ open('file.txt', 'a')\n④ open('file.txt', 'x')",파이썬,보통,객관식(4지선다),1,"파일을 읽기 모드로 열기 위해서는 'r' 모드를 사용해야 합니다. 'w'는 쓰기, 'a'는 추가, 'x'는 새로운 파일 생성을 의미합니다. 따라서 정답은 ①입니다."
71,예외 처리,파이썬에서 예외 처리를 위한 키워드가 아닌 것은 무엇인가?\n① try\n② except\n③ catch\n④ finally,파이썬,보통,객관식(4지선다),3,"파이썬에서는 예외 처리를 위해 try, except, finally 키워드를 사용합니다. catch는 다른 프로그래밍 언어에서 사용하는 키워드입니다. 따라서 정답은 ③입니다."
72,리스트 내포,다음 중 리스트 내포(List Comprehension)로 작성된 코드는 무엇인가?\n① [x for x in range(5)]\n② (x for x in range(5))\n③ {x for x in range(5)}\n④ <x for x in range(5)>,파이썬,보통,객관식(4지선다),1,"리스트 내포는 대괄호 []를 사용하여 리스트를 생성하는 구문으로, [x for x in range(5)]가 해당합니다. 따라서 정답은 ①입니다."
73,모듈 사용,다음 중 파이썬에서 외부 모듈을 가져오는 데 사용하는 키워드는 무엇인가?\n① import\n② include\n③ require\n④ attach,파이썬,쉬움,객관식(4지선다),1,파이썬에서 외부 모듈을 가져올 때는 import 키워드를 사용합니다. 따라서 정답은 ①입니다.
74,데이터 타입,다음 중 파이썬의 불변 자료형(Immutable Type)은 무엇인가?\n① 리스트(List)\n② 딕셔너리(Dictionary)\n③ 집합(Set)\n④ 튜플(Tuple),파이썬,쉬움,객관식(4지선다),4,"튜플은 파이썬의 불변 자료형으로, 생성된 후에는 변경할 수 없습니다. 리스트, 딕셔너리, 집합은 가변 자료형입니다. 따라서 정답은 ④입니다."
75,람다 함수,다음 중 파이썬에서 람다 함수를 올바르게 정의한 것은 무엇인가?\n① lambda x: x + 1\n② def lambda x: x + 1\n③ lambda(x): x + 1\n④ function lambda x: x + 1,파이썬,보통,객관식(4지선다),1,파이썬의 람다 함수는 lambda x: x + 1과 같이 정의됩니다. 이는 한 줄로 작성할 수 있는 익명 함수입니다. 따라서 정답은 ①입니다.
76,제너레이터,파이썬에서 제너레이터를 정의할 때 사용하는 키워드는 무엇인가?\n① yield\n② return\n③ break\n④ continue,파이썬,보통,객관식(4지선다),1,"제너레이터는 함수 내에서 yield 키워드를 사용하여 데이터를 순차적으로 생성합니다. return은 값을 반환하고 함수를 종료하며, break와 continue는 흐름 제어에 사용됩니다. 따라서 정답은 ①입니다."
77,파일 모드,파이썬에서 파일을 쓰기 모드로 열고 기존 내용을 삭제하려면 어떤 모드를 사용해야 하는가?\n① 'a'\n② 'r'\n③ 'w'\n④ 'x',파이썬,쉬움,객관식(4지선다),3,"'w' 모드는 파일을 쓰기 모드로 열고, 파일이 이미 존재할 경우 기존 내용을 삭제합니다. 'a'는 추가 모드, 'r'은 읽기 모드, 'x'는 새 파일 생성 모드입니다. 따라서 정답은 ③입니다."
78,이터레이터,파이썬에서 이터레이터(Iterator) 객체에서 다음 값을 가져오는 데 사용하는 함수는 무엇인가?\n① next()\n② iter()\n③ list()\n④ dict(),파이썬,보통,객관식(4지선다),1,next() 함수는 이터레이터 객체에서 다음 값을 가져오는 데 사용됩니다. iter()는 이터레이터 객체를 생성하는 데 사용됩니다. 따라서 정답은 ①입니다.
79,함수 인자,"파이썬에서 기본값을 가진 함수 인자를 정의할 때 사용하는 방법은 무엇인가?\n① def func(x, y=10)\n② def func(x=10, y)\n③ def func(x, y=10, z)\n④ def func(x, y=z=10)",파이썬,보통,객관식(4지선다),1,"파이썬 함수에서 기본값을 가진 인자는 반드시 뒤쪽에 위치해야 하며, def func(x, y=10)과 같이 정의할 수 있습니다. 따라서 정답은 ①입니다."
80,문자열 포매팅,다음 중 파이썬에서 문자열 포매팅을 위한 방법이 아닌 것은 무엇인가?\n① f-string\n② format()\n③ % 연산자\n④ str(),파이썬,쉬움,객관식(4지선다),4,"파이썬의 문자열 포매팅 방법에는 f-string, format(), % 연산자가 있으며, str()은 문자열을 변환하는 함수입니다. 따라서 정답은 ④입니다."
81,R의 기본 문법,R에서 벡터를 생성하는 함수는 무엇인가?\n① c()\n② vector()\n③ list()\n④ array(),R,쉬움,객관식(4지선다),1,"c() 함수는 R에서 벡터를 생성할 때 사용되는 기본 함수입니다. vector(), list(), array()는 각각 다른 데이터 구조를 생성하는 데 사용됩니다. 따라서 정답은 ①입니다."
82,데이터 프레임,"다음 중 R의 데이터 프레임(Data Frame)에서 특정 열에 접근하는 방법으로 옳은 것은 무엇인가?\n① df[""column""]\n② df$column\n③ df$""column""\n④ df@column",R,보통,객관식(4지선다),2,R에서 데이터 프레임의 특정 열에 접근할 때는 df$column 형식을 사용합니다. 따라서 정답은 ②입니다.
83,기초 통계 함수,R에서 평균을 계산하는 함수는 무엇인가?\n① sum()\n② mean()\n③ median()\n④ mode(),R,쉬움,객관식(4지선다),2,mean() 함수는 R에서 주어진 데이터의 평균을 계산합니다. 따라서 정답은 ②입니다.
84,데이터 변환,다음 중 R에서 요인(Factor)을 생성하는 함수는 무엇인가?\n① factor()\n② as.factor()\n③ levels()\n④ factorize(),R,보통,객관식(4지선다),1,"factor() 함수는 R에서 요인을 생성하는 데 사용됩니다. as.factor()도 요인을 생성할 수 있지만, 주로 변환에 사용됩니다. 따라서 정답은 ①입니다."
85,기술 통계량,R에서 분산을 계산하는 함수는 무엇인가?\n① var()\n② sd()\n③ range()\n④ quantile(),R,보통,객관식(4지선다),1,var() 함수는 R에서 주어진 데이터의 분산을 계산합니다. 따라서 정답은 ①입니다.
86,기초 프로그래밍,"다음 중 R에서 조건문을 작성하는 올바른 방법은 무엇인가?\n① if (x > 0) { print(""positive"") }\n② if x > 0: print(""positive"")\n③ if x > 0 then print(""positive"")\n④ if x > 0 { print(""positive"") }",R,쉬움,객관식(4지선다),1,"R에서 조건문은 if (x > 0) { print(""positive"") }와 같은 형식으로 작성됩니다. 따라서 정답은 ①입니다."
87,데이터 시각화,R에서 기본 그래프를 그리는 함수는 무엇인가?\n① plot()\n② graph()\n③ chart()\n④ draw(),R,쉬움,객관식(4지선다),1,plot() 함수는 R에서 기본적으로 그래프를 그리는 데 사용됩니다. 따라서 정답은 ①입니다.
88,데이터 전처리,R에서 NA 값을 제거하는 함수는 무엇인가?\n① na.rm()\n② remove.na()\n③ na.omit()\n④ drop.na(),R,보통,객관식(4지선다),3,na.omit() 함수는 R에서 NA 값을 제거할 때 사용됩니다. 따라서 정답은 ③입니다.
89,데이터 합치기,R에서 두 개의 데이터 프레임을 행 방향으로 합치는 함수는 무엇인가?\n① cbind()\n② rbind()\n③ merge()\n④ bind_rows(),R,보통,객관식(4지선다),2,rbind() 함수는 R에서 두 개의 데이터 프레임을 행 방향으로 합칠 때 사용됩니다. cbind()는 열 방향으로 합치는 함수입니다. 따라서 정답은 ②입니다.
90,데이터 요약,R에서 데이터의 기초 통계량을 요약하는 함수는 무엇인가?\n① summary()\n② describe()\n③ stats()\n④ overview(),R,쉬움,객관식(4지선다),1,"summary() 함수는 R에서 데이터의 기초 통계량(최소값, 1사분위수, 중앙값, 평균, 3사분위수, 최대값)을 요약하는 데 사용됩니다. 따라서 정답은 ①입니다."
91,패키지 설치,R에서 패키지를 설치하기 위한 함수는 무엇인가?\n① install.package()\n② install()\n③ library()\n④ install.packages(),R,보통,객관식(4지선다),4,install.packages() 함수는 R에서 새로운 패키지를 설치하는 데 사용됩니다. 따라서 정답은 ④입니다.
92,상관 분석,R에서 두 변수 간의 상관 계수를 계산하는 함수는 무엇인가?\n① cor()\n② cov()\n③ cor.test()\n④ lm(),R,보통,객관식(4지선다),1,"cor() 함수는 R에서 두 변수 간의 상관 계수를 계산합니다. cov()는 공분산을 계산하며, cor.test()는 상관 검정, lm()은 선형 회귀를 수행합니다. 따라서 정답은 ①입니다."
93,데이터 선택,"R에서 특정 열을 제외하고 데이터 프레임을 선택하는 방법으로 옳은 것은 무엇인가?\n① df[,-1]\n② df[,-""column""]\n③ df[,-c(""column"")]\n④ df[,-c(column)]",R,보통,객관식(4지선다),1,"R에서 특정 열을 제외하고 데이터 프레임을 선택할 때는 df[,-1]과 같이 사용합니다. 이는 첫 번째 열을 제외한 모든 열을 선택합니다. 따라서 정답은 ①입니다."
94,데이터 구조,R에서 2차원 데이터를 저장하는 기본 자료 구조는 무엇인가?\n① 리스트(List)\n② 매트릭스(Matrix)\n③ 데이터 프레임(Data Frame)\n④ 벡터(Vector),R,보통,객관식(4지선다),3,"데이터 프레임은 R에서 2차원 데이터를 저장하는 기본 자료 구조로, 행과 열로 구성되어 있습니다. 따라서 정답은 ③입니다."
95,선형 회귀,R에서 선형 회귀 모델을 생성하는 함수는 무엇인가?\n① lm()\n② glm()\n③ lmfit()\n④ reg(),R,보통,객관식(4지선다),1,lm() 함수는 R에서 선형 회귀 모델을 생성하는 데 사용됩니다. glm()은 일반화된 선형 모델을 생성할 때 사용됩니다. 따라서 정답은 ①입니다.
96,데이터 정렬,R에서 데이터 프레임을 특정 열을 기준으로 오름차순 정렬하는 함수는 무엇인가?\n① order()\n② sort()\n③ arrange()\n④ rank(),R,어려움,객관식(4지선다),3,"arrange() 함수는 dplyr 패키지에서 제공하는 함수로, 데이터 프레임을 특정 열 기준으로 정렬할 때 사용됩니다. base R에서는 order() 함수를 사용하여 정렬할 수 있습니다. 따라서 정답은 ③입니다."
97,데이터 그룹화,R에서 데이터를 그룹화하여 요약 통계를 계산하는 데 사용되는 패키지는 무엇인가?\n① ggplot2\n② dplyr\n③ tidyr\n④ stringr,R,보통,객관식(4지선다),2,"dplyr 패키지는 R에서 데이터를 그룹화하고 요약 통계를 계산하는 데 사용되는 주요 패키지입니다. ggplot2는 시각화, tidyr은 데이터 정리, stringr은 문자열 처리를 위한 패키지입니다. 따라서 정답은 ②입니다."
98,시계열 데이터,R에서 시계열 데이터를 다루기 위해 주로 사용되는 패키지는 무엇인가?\n① lubridate\n② forecast\n③ stringr\n④ reshape2,R,어려움,객관식(4지선다),2,forecast 패키지는 R에서 시계열 데이터를 분석하고 예측하는 데 사용됩니다. lubridate는 날짜 및 시간 조작을 위한 패키지입니다. 따라서 정답은 ②입니다.
99,데이터 변형,R에서 넓은 형식의 데이터를 긴 형식으로 변환하는 함수는 무엇인가?\n① gather()\n② spread()\n③ melt()\n④ cast(),R,보통,객관식(4지선다),1,"gather() 함수는 tidyr 패키지에서 제공하며, 넓은 형식의 데이터를 긴 형식으로 변환하는 데 사용됩니다. spread()는 그 반대 작업을 수행합니다. 따라서 정답은 ①입니다."
100,데이터 병합,R에서 두 개의 데이터 프레임을 공통 열을 기준으로 병합하는 함수는 무엇인가?\n① rbind()\n② cbind()\n③ merge()\n④ join(),R,보통,객관식(4지선다),3,merge() 함수는 R에서 두 개의 데이터 프레임을 공통 열을 기준으로 병합하는 데 사용됩니다. rbind()와 cbind()는 각각 행과 열을 기준으로 데이터 프레임을 결합하는 함수입니다. 따라서 정답은 ③입니다.
101,평균과 중앙값,"다음 데이터셋의 평균과 중앙값은 각각 얼마인가?\n데이터셋: 4, 8, 6, 5, 3\n① 평균: 6, 중앙값: 5\n② 평균: 5.2, 중앙값: 5\n③ 평균: 5.2, 중앙값: 6\n④ 평균: 5, 중앙값: 5.5",통계,쉬움,객관식(4지선다),2,"데이터셋의 평균은 (4+8+6+5+3)/5 = 5.2이며, 중앙값은 5개의 숫자 중 가운데 값인 5입니다. 따라서 정답은 ②입니다."
102,표준 편차,표준 편차는 데이터의 어떤 특성을 나타내는가?\n① 데이터의 중앙값\n② 데이터의 평균\n③ 데이터의 산포도\n④ 데이터의 분산,통계,쉬움,객관식(4지선다),3,"표준 편차는 데이터가 평균으로부터 얼마나 떨어져 있는지를 나타내는 척도로, 데이터의 산포도를 나타냅니다. 따라서 정답은 ③입니다."
103,상관 관계,"상관 계수가 -1에 가까운 값일 때, 두 변수의 관계는 어떻게 해석되는가?\n① 두 변수는 강한 양의 상관 관계\n② 두 변수는 강한 음의 상관 관계\n③ 두 변수는 상관 관계가 없음\n④ 두 변수는 약한 상관 관계",통계,보통,객관식(4지선다),2,상관 계수가 -1에 가까울수록 두 변수는 강한 음의 상관 관계를 가집니다. 따라서 정답은 ②입니다.
104,가설 검정,가설 검정에서 귀무가설이란 무엇을 의미하는가?\n① 연구자가 입증하고자 하는 가설\n② 차이가 있음을 나타내는 가설\n③ 차이가 없음을 나타내는 가설\n④ 실험의 유의미성을 나타내는 가설,통계,보통,객관식(4지선다),3,"귀무가설은 보통 ""차이가 없다"" 또는 ""효과가 없다""라는 주장을 담고 있으며, 이를 반증하기 위해 가설 검정을 수행합니다. 따라서 정답은 ③입니다."
105,t-검정,t-검정의 주된 목적은 무엇인가?\n① 두 표본 평균 간의 차이가 유의미한지 판단\n② 분산을 비교\n③ 상관 관계를 평가\n④ 데이터의 정규성을 확인,통계,보통,객관식(4지선다),1,t-검정은 두 표본의 평균 간 차이가 통계적으로 유의미한지 판단하는 데 사용됩니다. 따라서 정답은 ①입니다.
106,회귀 분석,회귀 분석에서 독립 변수와 종속 변수의 관계를 나타내는 직선의 기울기를 무엇이라고 하는가?\n① 상수항\n② 절편\n③ 회귀 계수\n④ 잔차,통계,보통,객관식(4지선다),3,"회귀 분석에서 직선의 기울기는 회귀 계수라고 하며, 독립 변수의 변화가 종속 변수에 미치는 영향을 나타냅니다. 따라서 정답은 ③입니다."
107,분산 분석,다음 중 ANOVA(분산 분석)의 주된 목적은 무엇인가?\n① 여러 그룹 간의 평균 차이를 비교\n② 두 변수 간의 상관 관계 평가\n③ 데이터의 정규 분포 여부 확인\n④ 데이터의 중위수 계산,통계,보통,객관식(4지선다),1,ANOVA는 세 개 이상의 그룹 간 평균 차이가 유의미한지 판단하기 위해 사용됩니다. 따라서 정답은 ①입니다.
108,확률 분포,정규 분포의 특성 중 올바르지 않은 것은 무엇인가?\n① 평균과 중앙값이 같다\n② 대칭적이다\n③ 모든 값이 양수이다\n④ 곡선은 종 모양이다,통계,보통,객관식(4지선다),3,"정규 분포는 대칭적이고, 평균과 중앙값이 같으며, 종 모양의 곡선을 가지지만, 모든 값이 양수라는 것은 잘못된 설명입니다. 따라서 정답은 ③입니다."
109,신뢰 구간,95% 신뢰 구간이 의미하는 것은 무엇인가?\n① 모집단 평균이 95%의 확률로 구간 내에 포함\n② 샘플 평균이 95%의 확률로 구간 내에 포함\n③ 모집단이 정규 분포를 따름\n④ 두 그룹 간 차이가 없음,통계,어려움,객관식(4지선다),1,95% 신뢰 구간은 모집단 평균이 95%의 확률로 구간 내에 포함된다는 의미입니다. 따라서 정답은 ①입니다.
110,표본 크기,표본 크기를 늘리면 통계적 분석에 미치는 주요 효과는 무엇인가?\n① 표준 오차 감소\n② 표준 오차 증가\n③ p-값 증가\n④ 신뢰 구간 넓어짐,통계,어려움,객관식(4지선다),1,표본 크기를 늘리면 표준 오차가 감소하여 결과의 정확성과 신뢰도가 높아집니다. 따라서 정답은 ①입니다.
111,모집단과 표본,다음 중 모집단(population)에 대한 설명으로 적절하지 않은 것은 무엇인가?\n① 모집단은 연구에서 관심 있는 모든 개체의 집합을 의미한다.\n② 모집단의 특성을 나타내는 값을 모수(parameter)라고 한다.\n③ 모집단의 크기는 항상 표본(sample)보다 작다.\n④ 모집단에서 추출된 표본은 모집단을 대표해야 한다.,통계,보통,객관식(4지선다),3,"모집단의 크기는 표본보다 클 수 있으며, 대부분의 경우 모집단은 표본보다 큽니다. 따라서 정답은 ③입니다."
112,중심 극한 정리,중심 극한 정리(Central Limit Theorem)는 무엇을 설명하는가?\n① 모든 데이터 분포는 정규 분포를 따른다.\n② 표본 평균의 분포는 표본 크기가 충분히 크다면 정규 분포에 근사한다.\n③ 모집단의 분포는 표본 크기에 따라 변한다.\n④ 모집단 평균은 표본 평균과 항상 같다.,통계,어려움,객관식(4지선다),2,중심 극한 정리는 표본 평균의 분포가 표본 크기가 충분히 크면 정규 분포에 근사함을 설명합니다. 따라서 정답은 ②입니다.
113,독립성과 종속성,두 사건이 독립적일 때 올바른 설명은 무엇인가?\n① 한 사건의 발생이 다른 사건의 발생 확률에 영향을 미친다.\n② 두 사건의 발생 확률은 항상 동일하다.\n③ 한 사건의 발생이 다른 사건의 발생 확률에 영향을 미치지 않는다.\n④ 두 사건은 반드시 동시에 발생해야 한다.,통계,보통,객관식(4지선다),3,독립 사건은 한 사건의 발생이 다른 사건의 발생 확률에 영향을 미치지 않는 사건입니다. 따라서 정답은 ③입니다.
114,확률과 가능성,"다음 중 확률(probability)과 가능성(likelihood)의 차이를 설명하는 올바른 문장은 무엇인가?\n① 확률은 미래 사건의 가능성을, 가능성은 과거 데이터에 대한 모델의 적합성을 평가한다.\n② 확률은 모델의 적합성을, 가능성은 미래 사건의 가능성을 평가한다.\n③ 확률과 가능성은 서로 같은 개념이다.\n④ 확률은 데이터의 분포를 설명하고, 가능성은 분포의 평균을 설명한다.",통계,보통,객관식(4지선다),1,"확률은 미래 사건의 가능성을 평가하는 데 사용되고, 가능성은 과거 데이터가 특정 모델에 얼마나 적합한지를 평가하는 데 사용됩니다. 따라서 정답은 ①입니다."
115,p-값의 의미,p-값이 0.05보다 작을 때 일반적으로 내릴 수 있는 결론은 무엇인가?\n① 귀무가설을 기각한다.\n② 귀무가설을 채택한다.\n③ 유의수준을 증가시킨다.\n④ 유의수준을 감소시킨다.,통계,쉬움,객관식(4지선다),1,"p-값이 0.05보다 작으면 일반적으로 귀무가설을 기각하고, 대립가설을 채택합니다. 따라서 정답은 ①입니다."
116,표본 크기 결정,표본 크기가 충분히 크면 발생할 수 있는 통계적 결과는 무엇인가?\n① 표준 오차가 증가한다.\n② 통계적 검정력이 감소한다.\n③ 추정의 정확성이 증가한다.\n④ 신뢰 구간이 넓어진다.,통계,보통,객관식(4지선다),3,"표본 크기가 충분히 크면 추정의 정확성이 증가하고, 표준 오차가 감소하여 보다 정확한 추정을 할 수 있습니다. 따라서 정답은 ③입니다."
117,모수와 통계량,"모수(parameter)와 통계량(statistic)의 차이는 무엇인가?\n① 모수는 표본에서 계산된 값, 통계량은 모집단에서 계산된 값이다.\n② 모수는 모집단의 특성을 나타내고, 통계량은 표본의 특성을 나타낸다.\n③ 모수와 통계량은 같은 개념이다.\n④ 모수는 데이터의 중앙값, 통계량은 데이터의 평균을 나타낸다.",통계,보통,객관식(4지선다),2,"모수는 모집단의 특성을 나타내며, 통계량은 표본의 특성을 나타내는 값입니다. 따라서 정답은 ②입니다."
118,신뢰 수준과 신뢰 구간,"신뢰 구간에서 신뢰 수준(confidence level)이 증가하면, 다음 중 어떤 현상이 발생하는가?\n① 신뢰 구간의 폭이 좁아진다.\n② 신뢰 구간의 폭이 넓어진다.\n③ 신뢰 구간이 감소한다.\n④ 신뢰 구간이 변하지 않는다.",통계,어려움,객관식(4지선다),2,신뢰 수준이 증가하면 신뢰 구간의 폭이 넓어집니다. 이는 보다 높은 확률로 모집단 평균을 포함하도록 구간이 확장되기 때문입니다. 따라서 정답은 ②입니다.
119,분산과 표준 편차의 차이,분산(variance)과 표준 편차(standard deviation)의 차이는 무엇인가?\n① 분산은 표준 편차의 제곱이다.\n② 표준 편차는 분산의 제곱이다.\n③ 분산과 표준 편차는 같은 값이다.\n④ 분산은 데이터의 중앙값을 나타낸다.,통계,쉬움,객관식(4지선다),1,"분산은 데이터의 산포도를 제곱한 값이며, 표준 편차는 분산의 제곱근입니다. 따라서 정답은 ①입니다."
120,빈도 분석,데이터 분석에서 빈도 분석의 목적은 무엇인가?\n① 데이터의 평균을 계산\n② 데이터의 정규성을 확인\n③ 각 데이터 값이 얼마나 자주 발생하는지 분석\n④ 데이터의 표준 편차를 구함,통계,보통,객관식(4지선다),3,빈도 분석은 데이터 값이 얼마나 자주 발생하는지를 분석하여 데이터의 분포와 패턴을 이해하는 데 사용됩니다. 따라서 정답은 ③입니다.
